"6","02","cg02.jpg"
"7","03","cg03.jpg"
"8","04","cg04.jpg"
"9","05","cg05.jpg"
"10","01","cg01.jpg"
"11","06","cg06.jpg"
"12","07","cg07.jpg"
"78","10","cg10.jpg"
"79","11","cg11.jpg"
"80","12","cg12.jpg"
"81","13","cg13.jpg"
"82","14","cg14.jpg"
"83","15","cg15.jpg"
"84","16","cg16.jpg"
"85","17","cg17.jpg"
"86","18a","cg18a.jpg"
"87","19","cg19.jpg"
"88","20","cg20.jpg"
"89","21","cg21.jpg"
"90","22a","cg22a.jpg"
"91","23","cg23.jpg"
"92","24","cg24.jpg"
"93","25","cg25.jpg"
"94","26","cg26.jpg"
"95","27","cg27.jpg"
"96","28","cg28.jpg"
"97","29a","cg29a.jpg"
"98","30","cg30.jpg"
"99","31","cg31.jpg"
"100","32","cg32.jpg"
"101","33","cg33.jpg"
"102","34","cg34.jpg"
"103","35a","cg35a.jpg"
"104","36","cg36.jpg"
"105","37a","cg37a.jpg"
"106","38","cg38.jpg"
"107","39","cg39.jpg"
"108","40","cg40.jpg"
"109","41","cg41.jpg"
"110","42","cg42.jpg"
"111","43","cg43.jpg"
"112","44","cg44.jpg"
"113","45","cg45.jpg"
"115","47","cg47.jpg"
"116","48","cg48.jpg"
"117","49","cg49.jpg"
"118","50","cg50.jpg"
"119","51a","cg51a.jpg"
"120","52","cg52.jpg"
"121","53a","cg53a.jpg"
"122","54","cg54.jpg"
"123","55","cg55.jpg"
"124","56","cg56.jpg"
"125","57","cg57.jpg"
"126","58","cg58.jpg"
"127","59a","cg59a.jpg"
"128","60","cg60.jpg"
"129","61","cg61.jpg"
"130","62","cg62.jpg"
"131","63","cg63.jpg"
"132","64","cg64.jpg"
"133","08a","cg08a.jpg"
"135","51b","cg51b.jpg"
"136","37b","cg37b.jpg"
"137","35b","cg35b.jpg"
"138","29b","cg29b.jpg"
"139","22b","cg22b.jpg"
"140","09","cg09.jpg"
"141","18b","cg18b.jpg"
"142","08b","cg08b.jpg"
"143","53b","cg53b.jpg"
"144","46a","cg46a.jpg"
"145","46b","cg46b.jpg"
